{
    "usingComponents": {
        "ec-canvas": "../../components/ec-canvas/ec-canvas",
        "van-cell": "../../miniprogram_npm/@vant/weapp/cell/index",
        "van-cell-group": "../../miniprogram_npm/@vant/weapp/cell-group/index",
        "van-icon": "../../miniprogram_npm/@vant/weapp/icon/index",
        "van-action-sheet": "@vant/weapp/action-sheet/index",
        "van-divider": "@vant/weapp/divider/index",
        "van-tabbar": "@vant/weapp/tabbar/index",
        "van-tabbar-item": "@vant/weapp/tabbar-item/index",
        "van-dropdown-menu": "@vant/weapp/dropdown-menu/index",
        "van-dropdown-item": "@vant/weapp/dropdown-item/index"
    }
}